{"cameraMode":{"drawMode":0,"name":"Shaded","section":"Shading Mode"},"sceneLighting":true,"audioPlay":false,"sceneViewState":{"showFog":true,"showMaterialUpdate":false,"showSkybox":true,"showFlares":true,"showImageEffects":true,"showParticleSystems":true},"in2DMode":false,"pivot":{"x":5.113951683044434,"y":-30.17784309387207,"z":51.27693557739258},"rotation":{"x":0.6321356296539307,"y":0.3265917897224426,"z":-0.3339468240737915,"w":0.6182658076286316},"size":40.45220947265625,"orthographic":true}